"","fit","fit_LPI","fit_UPI","se.fit","df","residual.scale","R2","AdjR2","AIC","AICc","BIC","p.value","sigma","MAPE","MAPE_LOOCV","MASE","MASE2","wMAPE"
"CPUE",2.71214876730362,2.10978017435613,3.31451736025111,0.155371200850788,22,0.428621240788846,0.612112797365835,0.594481560882464,31.3560578916457,32.5560578916457,34.8902193826896,6.27037852802549e-06,0.428621240788846,0.106904454535261,0.117632248553433,0.389461354647414,0.389461354647414,0.191007488405332
"CPUE + ISTI20_MJJ",2.70272089607423,2.28864700811105,3.1167947840374,0.106660481348756,21,0.294198648584966,0.825564034322313,0.808951085210152,14.1762930820223,16.2815562399171,18.8885084034141,1.08937738503371e-08,0.294198648584966,0.0677156777005686,0.078821535928144,0.255252678712267,0.255252678712267,0.117486474855585
