"","Fit","LPI","UPI","se.fit","df","residual.scale","R2","AdjR2","AIC","AICc","BIC","MAPE","MEAPE"
"CPUE",3.26190073504215,2.70906007142252,3.81474139866178,0.0900449927994023,21,0.407991180829654,0.659893938709182,0.643698411981047,27.9393744891245,29.2025323838613,31.345857136912,0.109447385943877,0.0892644715464174
"CPUE+ISTI",3.34274716532022,2.93757156603754,3.7479227646029,0.0682852620078148,20,0.297990524830203,0.827206089962328,0.809926698958561,14.3647427655007,16.5869649877229,18.9067196292173,0.0795299443311576,0.0603699583619641
