"","Fit","LPI","UPI","se.fit","df","residual.scale","R2","AdjR2","AIC","AICc","BIC","MAPE","MEAPE"
"CPUE",3.31226421916139,2.75755330549273,3.86697513283006,0.08818725750046,21,0.409842664541159,0.656800099093344,0.640457246669217,28.147652482785,29.4108103775218,31.5541351305724,0.10969654706894,0.089016208161183
"CPUE+ISTI",3.39954682127405,2.99551080128146,3.80358284126665,0.0669239820926123,20,0.297417921196619,0.82786951615288,0.810656467768168,14.2762664415894,16.4984886638116,18.818243305306,0.0791946878021601,0.060898000029489
