"","model","AdjR2","AICc","MAPE","MEAPE","MASE"
"model.m1","CPUE",0.631878238315433,25.7054683782817,0.100282035175785,0.0692999092300987,0.352055915290287
"model.m2","CPUE+ISTI_MJJ",0.769227502259669,17.3230331512149,0.0810288979698393,0.0549547326294414,0.26709664761034
"model.m3","CPUE+ISTI",0.781040514818647,16.167028775686,0.081020718310344,0.0610963181301628,0.266878891448199
