"","Fit","LPI","UPI","se.fit","df","residual.scale","R2","AdjR2","AIC","AICc","BIC","MAPE","MEAPE"
"CPUE",NA,NA,NA,NA,21,0.410461469470523,0.655762949298353,0.639370708788751,28.217053649913,29.4802115446498,31.6235362977004,NA,NA
"CPUE+ISTI",NA,NA,NA,NA,20,0.296227073614373,0.829245161589041,0.812169677747945,14.0917148569241,16.3139370791463,18.6336917206407,NA,NA
"CPUE+ISTI_log",NA,NA,NA,NA,20,0.301496333106777,0.823116390910846,0.80542803000193,14.9027663002364,17.1249885224586,19.444743163953,NA,NA
