"model","term","estimate","std.error","statistic","p.value"
"m1","(Intercept)",2.28918179,0.208,11.019,0
"m1","CPUE",0.43796536,0.071,6.157,0
"m2","(Intercept)",7.0773197,0.945,7.486,0
"m2","CPUE",0.50654196,0.05,10.176,0
"m2","ISTI",-0.54635684,0.107,-5.121,0
"m3","(Intercept)",3.83178124,2.321,1.651,0.115
"m3","CPUE",1.78862777,0.844,2.119,0.047
"m3","ISTI",-0.19258479,0.254,-0.757,0.458
" m3","CPUE:ISTI",-0.13872651,0.091,-1.522,0.145
