"","Fit","LPI","UPI","se.fit","df","residual.scale","R2","AdjR2","AIC","AICc","BIC","MAPE","MEAPE"
"CPUE",3.22889455276448,2.66188687671051,3.79590222881845,0.0943020738240372,21,0.418011250674211,0.642983109806541,0.625982305511614,29.0554627874548,30.3186206821917,32.4619454352423,0.115966236244728,0.104877897607605
"CPUE+ISTI",3.30840420274838,2.92551419124019,3.69129421425657,0.0653487919484879,20,0.281411344573134,0.845898550284781,0.83048840531326,11.7315081164269,13.9537303386492,16.2734849801435,0.0737149917224375,0.0597607235632962
