"","Fit","LPI","UPI","se.fit","df","residual.scale","R2","AdjR2","AIC","AICc","BIC","MAPE","MEAPE"
"CPUE",3.22971338750314,2.66406962109226,3.79535715391402,0.0940752347294642,21,0.417005744752876,0.643514502368633,0.626539002481425,28.9446787076312,30.2078366023681,32.3511613554187,0.11558418249623,0.104699883681612
"CPUE+ISTI",3.30896136638704,2.92654633388535,3.69137639888873,0.0652677260983926,20,0.281062250899111,0.845768340386527,0.830345174425179,11.6744092189989,13.8966314412211,16.2163860827155,0.0735234000004501,0.0597559328329153
"CPUE+ISTI_May",3.13646685932179,2.73721337983569,3.5357203388079,0.0690154830519608,20,0.293233638783664,0.832121116924952,0.815333228617447,13.6245109092476,15.8467331314699,18.1664877729642,0.0824253420082608,0.0616015714426203
"CPUE+ISTI_May_sat",2.76725887128416,2.42357909004884,3.11093865251948,0.0901568923907948,20,0.243137069363397,0.88458271683109,0.873040988514199,5.00667138486022,7.22889360708244,9.54864824857682,0.0640132471276367,0.0538773856592886
