"","Fit","LPI","UPI","se.fit","df","residual.scale","R2","AdjR2","AIC","AICc","BIC","MAPE","MEAPE"
"CPUE",3.2226562668722,2.66037327872699,3.78493925501741,0.0938224105516855,21,0.41445892118794,0.649025304888229,0.632312224168621,28.6628765934109,29.9260344881478,32.0693592411984,0.114529451209282,0.106380332554354
"CPUE+ISTI",3.30041837394223,2.90716154970142,3.69367519818304,0.0673779559715861,20,0.288970143669453,0.837508940791288,0.821259834870417,12.9507802085863,15.1730024308085,17.4927570723029,0.0764250274243317,0.0632424916830886
