"","Fit","LPI","UPI","se.fit","df","residual.scale","R2","AdjR2","AIC","AICc","BIC","MAPE","MEAPE"
"CPUE",3.22971338750314,2.66406962109226,3.79535715391402,0.0940752347294642,21,0.417005744752876,0.643514502368633,0.626539002481425,28.9446787076312,30.2078366023681,32.3511613554187,0.11558418249623,0.104699883681612
"CPUE+ISTI",3.30896136638704,2.92654633388535,3.69137639888873,0.0652677260983926,20,0.281062250899111,0.845768340386527,0.830345174425179,11.6744092189989,13.8966314412211,16.2163860827155,0.0735234000004501,0.0597559328329153
"CPUE+ISTI_May",3.13646685932179,2.73721337983569,3.5357203388079,0.0690154830519608,20,0.293233638783664,0.832121116924952,0.815333228617447,13.6245109092476,15.8467331314699,18.1664877729642,0.0824253420082608,0.0616015714426203
"CPUE+SST_May",2.82483267425734,2.46600522263849,3.18366012587619,0.0888965804976083,20,0.255733199514223,0.87231416637557,0.859545583013127,7.3301017543582,9.55232397658042,11.8720786180748,0.0642849418852244,0.0494373928750697
"CPUE+SST_MJJ",3.00533831552453,2.5776731704657,3.43300346058336,0.0878744000382859,20,0.310487552344944,0.811783852748869,0.792962238023756,16.2545203487801,18.4767425710023,20.7964972124967,0.0894687867816872,0.0870718405568525
