"","Fit","LPI","UPI","se.fit","df","residual.scale","R2","AdjR2","AIC","AICc","BIC","MAPE","MEAPE"
"CPUE",3.29166582529235,2.73473890578607,3.84859274479863,0.0893746915579238,21,0.411299352258876,0.654356119617645,0.637896887218485,28.3108586126264,29.5740165073632,31.7173412604138,0.11185320586958,0.100227675171445
"CPUE+ISTI",3.3781710862104,2.98387579197393,3.77246638044688,0.0656720262578976,20,0.290166027365521,0.836161241011464,0.81977736511261,13.1407553162,15.3629775384222,17.6827321799166,0.0770240637306637,0.0698937288326951
