"","Fit","LPI","UPI","se.fit","df","residual.scale","R2","AdjR2","AIC","AICc","BIC","MAPE","MEAPE"
"CPUE",3.2923966097234,2.73689445509799,3.84789876434881,0.0891460476958479,21,0.410247140824849,0.654976309017999,0.638546609447428,28.193027782994,29.4561856777309,31.5995104307815,0.1114795733198,0.100056503978787
"CPUE+ISTI",3.3786110643222,2.98497324019842,3.77224888844599,0.0655625210339303,20,0.289682188239109,0.836162966164657,0.819779262781123,13.0639883127619,15.2862105349841,17.6059651764785,0.0767937822033682,0.0697182916036732
