"","Fit","LPI","UPI","se.fit","df","residual.scale","R2","AdjR2","AIC","AICc","BIC","MAPE","MEAPE"
"CPUE",3.31709992685111,2.75880233798941,3.87539751571281,0.0885959759015908,21,0.412527358584177,0.652289077652672,0.635731414683752,28.4479950566334,29.7111529513702,31.8544777044208,0.110937795823404,0.0898433055941409
"CPUE+ISTI",3.40715528618537,3.01217376831594,3.8021368040548,0.0653002718478813,20,0.290780604782356,0.835466478529455,0.819013126382401,13.2380811983246,15.4603034205468,17.7800580620412,0.0772103843922338,0.0603067760291715
