"","Fit","LPI","UPI","se.fit","df","residual.scale","R2","AdjR2","AIC","AICc","BIC","MAPE","MEAPE"
"CPUE",3.26788348617687,2.71082562319717,3.82494134915656,0.0904762896447365,21,0.411159759796039,0.654590698604983,0.638142636633792,28.2952438464744,29.5584017412112,31.7017264942618,0.11104197879074,0.0902638589092448
"CPUE+ISTI",3.35124504033707,2.95681091119998,3.74567916947416,0.0662549932902826,20,0.290140922702086,0.836189589877867,0.819808548865653,13.1367753034891,15.3589975257113,17.6787521672057,0.0770543948434048,0.0596649533482326
